PRODUCT_ID;CATEGORY_ID;CATEGORY_DESC
92887;4;"POULTRY"
102017;1;"OTHER_FROZEN"
103710;3;"READY-MADE"
10184;7;"FISH"
10328;16;"OTHER"
4671;1;"OTHER_FROZEN"
17284;11;"FRUIT"
21439;1;"OTHER_FROZEN"
30005;11;"FRUIT"
116202;11;"FRUIT"
138149;12;"ACCESSORIES"
116250;11;"FRUIT"
154004;13;"DRINKS"
112155;1;"OTHER_FROZEN"
133909;12;"ACCESSORIES"
110245;6;"BEEF_PORK"
112611;12;"ACCESSORIES"
127998;4;"POULTRY"
134498;12;"ACCESSORIES"
106905;10;"VEGETABLES"
72216;1;"OTHER_FROZEN"
114509;1;"OTHER_FROZEN"
128238;12;"ACCESSORIES"
134654;12;"ACCESSORIES"
107397;12;"ACCESSORIES"
139193;12;"ACCESSORIES"
49188;7;"FISH"
43974;13;"DRINKS"
39266;12;"ACCESSORIES"
64059;12;"ACCESSORIES"
97213;13;"DRINKS"
102509;12;"ACCESSORIES"
81403;9;"FRIES"
3134;9;"FRIES"
30089;6;"BEEF_PORK"
138113;12;"ACCESSORIES"
142292;13;"DRINKS"
144420;13;"DRINKS"
138977;12;"ACCESSORIES"
134257;12;"ACCESSORIES"
88551;0;"OTHER"
110209;11;"FRUIT"
108264;12;"ACCESSORIES"
120600;13;"DRINKS"
112167;2;"SAUCE"
122185;12;"ACCESSORIES"
101992;1;"OTHER_FROZEN"
112299;10;"VEGETABLES"
107625;12;"ACCESSORIES"
116491;11;"FRUIT"
116238;11;"FRUIT"
138989;12;"ACCESSORIES"
152755;13;"DRINKS"
153271;13;"DRINKS"
153535;13;"DRINKS"
138929;12;"ACCESSORIES"
42137;12;"ACCESSORIES"
92899;12;"ACCESSORIES"
101308;12;"ACCESSORIES"
105391;7;"FISH"
1080;3;"READY-MADE"
4323;13;"DRINKS"
17872;1;"OTHER_FROZEN"
60888;11;"FRUIT"
61693;1;"OTHER_FROZEN"
54929;1;"OTHER_FROZEN"
120756;13;"DRINKS"
142148;7;"FISH"
138413;12;"ACCESSORIES"
147759;13;"DRINKS"
110906;10;"VEGETABLES"
154328;13;"DRINKS"
150833;9;"FRIES"
139013;12;"ACCESSORIES"
121969;4;"POULTRY"
112107;1;"OTHER_FROZEN"
125584;13;"DRINKS"
74149;3;"READY-MADE"
134738;12;"ACCESSORIES"
126569;3;"READY-MADE"
151278;3;"READY-MADE"
153884;13;"DRINKS"
38113;15;"GADGETS"
40299;12;"ACCESSORIES"
38281;1;"OTHER_FROZEN"
91674;12;"ACCESSORIES"
88779;3;"READY-MADE"
81307;3;"READY-MADE"
17356;3;"READY-MADE"
20743;3;"READY-MADE"
61657;12;"ACCESSORIES"
133765;12;"ACCESSORIES"
137320;3;"READY-MADE"
135458;1;"OTHER_FROZEN"
108348;12;"ACCESSORIES"
112215;3;"READY-MADE"
128575;7;"FISH"
112347;3;"READY-MADE"
104479;6;"BEEF_PORK"
106592;7;"FISH"
106881;10;"VEGETABLES"
107073;12;"ACCESSORIES"
107853;12;"ACCESSORIES"
107829;12;"ACCESSORIES"
121945;10;"VEGETABLES"
154088;13;"DRINKS"
137608;3;"READY-MADE"
63326;3;"READY-MADE"
125320;7;"FISH"
142268;7;"FISH"
139133;12;"ACCESSORIES"
139025;12;"ACCESSORIES"
142748;4;"POULTRY"
116479;11;"FRUIT"
107085;12;"ACCESSORIES"
134245;12;"ACCESSORIES"
117463;12;"ACCESSORIES"
120504;3;"READY-MADE"
126341;6;"BEEF_PORK"
116274;11;"FRUIT"
116022;1;"OTHER_FROZEN"
152334;13;"DRINKS"
152346;13;"DRINKS"
152587;13;"DRINKS"
152959;13;"DRINKS"
153283;13;"DRINKS"
151362;11;"FRUIT"
97933;2;"SAUCE"
53728;10;"VEGETABLES"
60972;3;"READY-MADE"
81295;4;"POULTRY"
636;1;"OTHER_FROZEN"
3506;10;"VEGETABLES"
2305;7;"FISH"
3326;10;"VEGETABLES"
1621;3;"READY-MADE"
2017;4;"POULTRY"
2077;3;"READY-MADE"
12012;13;"DRINKS"
35169;13;"DRINKS"
22424;12;"ACCESSORIES"
44310;9;"FRIES"
60840;3;"READY-MADE"
63446;3;"READY-MADE"
21980;1;"OTHER_FROZEN"
29968;10;"VEGETABLES"
43097;6;"BEEF_PORK"
44178;3;"READY-MADE"
86858;6;"BEEF_PORK"
101344;12;"ACCESSORIES"
103950;13;"DRINKS"
4083;13;"DRINKS"
2978;9;"FRIES"
3158;9;"FRIES"
3458;10;"VEGETABLES"
10052;7;"FISH"
29980;10;"VEGETABLES"
123867;12;"ACCESSORIES"
82809;12;"ACCESSORIES"
87338;6;"BEEF_PORK"
105103;13;"DRINKS"
56130;15;"GADGETS"
67950;0;"OTHER"
117391;1;"OTHER_FROZEN"
126581;12;"ACCESSORIES"
133537;12;"ACCESSORIES"
117163;7;"FISH"
117427;11;"FRUIT"
125080;13;"DRINKS"
154448;13;"DRINKS"
154712;13;"DRINKS"
152358;13;"DRINKS"
138365;12;"ACCESSORIES"
145513;1;"OTHER_FROZEN"
152863;13;"DRINKS"
101836;7;"FISH"
105055;3;"READY-MADE"
105067;7;"FISH"
2726;7;"FISH"
732;1;"OTHER_FROZEN"
36;1;"OTHER_FROZEN"
3122;9;"FRIES"
2029;4;"POULTRY"
14125;16;"OTHER"
60792;3;"READY-MADE"
128635;12;"ACCESSORIES"
133789;12;"ACCESSORIES"
137188;11;"FRUIT"
139109;12;"ACCESSORIES"
142965;4;"POULTRY"
149836;3;"READY-MADE"
138077;12;"ACCESSORIES"
142028;7;"FISH"
139061;12;"ACCESSORIES"
85645;1;"OTHER_FROZEN"
112287;9;"FRIES"
133717;12;"ACCESSORIES"
134642;12;"ACCESSORIES"
135218;1;"OTHER_FROZEN"
133621;12;"ACCESSORIES"
116262;11;"FRUIT"
134630;12;"ACCESSORIES"
154232;13;"DRINKS"
154544;13;"DRINKS"
152539;13;"DRINKS"
152551;13;"DRINKS"
173920;15;"GADGETS"
153680;13;"DRINKS"
173896;16;"OTHER"
44611;12;"ACCESSORIES"
153656;13;"DRINKS"
155529;1;"OTHER_FROZEN"
37825;15;"GADGETS"
60924;3;"READY-MADE"
61020;3;"READY-MADE"
89932;4;"POULTRY"
101548;12;"ACCESSORIES"
92142;1;"OTHER_FROZEN"
3675;10;"VEGETABLES"
6917;4;"POULTRY"
29992;11;"FRUIT"
26245;4;"POULTRY"
131145;4;"POULTRY"
145273;1;"OTHER_FROZEN"
130724;3;"READY-MADE"
85885;7;"FISH"
125572;0;"OTHER"
134522;12;"ACCESSORIES"
135266;10;"VEGETABLES"
106917;10;"VEGETABLES"
134798;12;"ACCESSORIES"
107157;12;"ACCESSORIES"
107601;12;"ACCESSORIES"
107301;12;"ACCESSORIES"
107889;12;"ACCESSORIES"
154052;13;"DRINKS"
152443;13;"DRINKS"
149356;3;"READY-MADE"
136443;13;"DRINKS"
139314;12;"ACCESSORIES"
152851;13;"DRINKS"
182281;13;"DRINKS"
182474;13;"DRINKS"
191601;1;"OTHER_FROZEN"
193513;16;"OTHER"
186833;13;"DRINKS"
173236;1;"OTHER_FROZEN"
176959;12;"ACCESSORIES"
201439;10;"VEGETABLES"
182498;0;"OTHER"
189007;13;"DRINKS"
154821;13;"DRINKS"
186365;13;"DRINKS"
188587;13;"DRINKS"
154893;13;"DRINKS"
176479;4;"POULTRY"
154796;13;"DRINKS"
202893;13;"DRINKS"
188611;12;"ACCESSORIES"
173176;1;"OTHER_FROZEN"
175037;7;"FISH"
182029;3;"READY-MADE"
182269;11;"FRUIT"
154989;13;"DRINKS"
173200;1;"OTHER_FROZEN"
173428;4;"POULTRY"
186941;13;"DRINKS"
187386;13;"DRINKS"
187530;13;"DRINKS"
180072;12;"ACCESSORIES"
188599;13;"DRINKS"
173116;1;"OTHER_FROZEN"
192552;15;"GADGETS"
154845;13;"DRINKS"
155409;13;"DRINKS"
173368;15;"GADGETS"
188971;4;"POULTRY"
176719;3;"READY-MADE"
185836;13;"DRINKS"
197356;12;"ACCESSORIES"
194029;12;"ACCESSORIES"
223518;1;"OTHER_FROZEN"
195651;12;"ACCESSORIES"
210557;12;"ACCESSORIES"
193765;12;"ACCESSORIES"
215493;12;"ACCESSORIES"
228072;12;"ACCESSORIES"
195494;12;"ACCESSORIES"
225680;7;"FISH"
195194;12;"ACCESSORIES"
205513;13;"DRINKS"
198797;12;"ACCESSORIES"
199073;12;"ACCESSORIES"
196407;12;"ACCESSORIES"
12072;12;"ACCESSORIES"
212959;1;"OTHER_FROZEN"
204552;11;"FRUIT"
194522;12;"ACCESSORIES"
208671;3;"READY-MADE"
224274;3;"READY-MADE"
194534;12;"ACCESSORIES"
198593;12;"ACCESSORIES"
195434;12;"ACCESSORIES"
199434;12;"ACCESSORIES"
210797;12;"ACCESSORIES"
196419;12;"ACCESSORIES"
198365;12;"ACCESSORIES"
199374;12;"ACCESSORIES"
199350;12;"ACCESSORIES"
199314;12;"ACCESSORIES"
208395;15;"GADGETS"
211037;7;"FISH"
199278;12;"ACCESSORIES"
208695;9;"FRIES"
15446;11;"FRUIT"
204324;1;"OTHER_FROZEN"
210341;3;"READY-MADE"
196167;12;"ACCESSORIES"
227841;16;"OTHER"
230954;12;"ACCESSORIES"
234833;13;"DRINKS"
235085;13;"DRINKS"
235278;13;"DRINKS"
235314;13;"DRINKS"
42389;10;"VEGETABLES"
229777;3;"READY-MADE"
228792;3;"READY-MADE"
228324;12;"ACCESSORIES"
236479;10;"VEGETABLES"
245128;3;"READY-MADE"
240792;3;"READY-MADE"
243194;13;"DRINKS"
249680;13;"DRINKS"
251121;1;"OTHER_FROZEN"
251373;1;"OTHER_FROZEN"
16551;13;"DRINKS"
20503;10;"VEGETABLES"
105031;3;"READY-MADE"
100840;4;"POULTRY"
744;2;"SAUCE"
2053;4;"POULTRY"
18053;3;"READY-MADE"
15927;11;"FRUIT"
40383;15;"GADGETS"
130172;12;"ACCESSORIES"
133657;12;"ACCESSORIES"
141992;7;"FISH"
139254;12;"ACCESSORIES"
135446;4;"POULTRY"
135494;1;"OTHER_FROZEN"
142941;1;"OTHER_FROZEN"
133777;12;"ACCESSORIES"
120024;15;"GADGETS"
122978;10;"VEGETABLES"
116046;7;"FISH"
129439;3;"READY-MADE"
133525;12;"ACCESSORIES"
112119;1;"OTHER_FROZEN"
128527;3;"READY-MADE"
154124;13;"DRINKS"
154172;13;"DRINKS"
154424;13;"DRINKS"
154676;13;"DRINKS"
152274;13;"DRINKS"
138941;12;"ACCESSORIES"
141980;7;"FISH"
153740;13;"DRINKS"
44370;10;"VEGETABLES"
64335;15;"GADGETS"
40251;15;"GADGETS"
44635;1;"OTHER_FROZEN"
89884;3;"READY-MADE"
63470;3;"READY-MADE"
29944;9;"FRIES"
83973;10;"VEGETABLES"
94857;13;"DRINKS"
98029;11;"FRUIT"
89836;7;"FISH"
103722;11;"FRUIT"
105139;13;"DRINKS"
3891;3;"READY-MADE"
2438;7;"FISH"
18029;7;"FISH"
62365;12;"ACCESSORIES"
133897;12;"ACCESSORIES"
137440;11;"FRUIT"
147711;3;"READY-MADE"
137380;11;"FRUIT"
135566;11;"FRUIT"
121513;1;"OTHER_FROZEN"
108060;12;"ACCESSORIES"
123146;7;"FISH"
108480;12;"ACCESSORIES"
121225;1;"OTHER_FROZEN"
152671;13;"DRINKS"
130845;10;"VEGETABLES"
137128;11;"FRUIT"
152839;13;"DRINKS"
153235;13;"DRINKS"
153451;13;"DRINKS"
153956;13;"DRINKS"
59493;15;"GADGETS"
60876;10;"VEGETABLES"
81247;2;"SAUCE"
94604;7;"FISH"
6173;3;"READY-MADE"
2786;7;"FISH"
768;2;"SAUCE"
3422;3;"READY-MADE"
1345;3;"READY-MADE"
1933;12;"ACCESSORIES"
17716;13;"DRINKS"
27711;1;"OTHER_FROZEN"
138953;12;"ACCESSORIES"
140587;12;"ACCESSORIES"
142076;7;"FISH"
142760;15;"GADGETS"
142905;1;"OTHER_FROZEN"
134690;12;"ACCESSORIES"
108324;12;"ACCESSORIES"
144384;7;"FISH"
139145;12;"ACCESSORIES"
150653;10;"VEGETABLES"
152887;13;"DRINKS"
153403;13;"DRINKS"
80370;7;"FISH"
76047;16;"OTHER"
108180;12;"ACCESSORIES"
60960;3;"READY-MADE"
89812;3;"READY-MADE"
89320;1;"OTHER_FROZEN"
2678;7;"FISH"
456;1;"OTHER_FROZEN"
4047;11;"FRUIT"
24564;13;"DRINKS"
21956;10;"VEGETABLES"
17860;1;"OTHER_FROZEN"
137548;13;"DRINKS"
135927;4;"POULTRY"
139362;12;"ACCESSORIES"
140503;7;"FISH"
148395;3;"READY-MADE"
137344;11;"FRUIT"
138773;12;"ACCESSORIES"
116226;11;"FRUIT"
119589;1;"OTHER_FROZEN"
107673;12;"ACCESSORIES"
124876;4;"POULTRY"
55902;7;"FISH"
80130;1;"OTHER_FROZEN"
108012;12;"ACCESSORIES"
120516;13;"DRINKS"
136912;11;"FRUIT"
128671;4;"POULTRY"
113308;15;"GADGETS"
151350;3;"READY-MADE"
152322;13;"DRINKS"
152623;13;"DRINKS"
133549;12;"ACCESSORIES"
137284;11;"FRUIT"
138809;12;"ACCESSORIES"
147014;4;"POULTRY"
116527;11;"FRUIT"
135230;3;"READY-MADE"
105872;12;"ACCESSORIES"
106941;10;"VEGETABLES"
74125;3;"READY-MADE"
122930;3;"READY-MADE"
123915;12;"ACCESSORIES"
154064;13;"DRINKS"
154484;13;"DRINKS"
154772;13;"DRINKS"
138557;12;"ACCESSORIES"
152767;13;"DRINKS"
153523;13;"DRINKS"
37813;15;"GADGETS"
59973;11;"FRUIT"
60756;4;"POULTRY"
1213;3;"READY-MADE"
312;1;"OTHER_FROZEN"
360;1;"OTHER_FROZEN"
4035;11;"FRUIT"
2966;9;"FRIES"
4443;1;"OTHER_FROZEN"
1729;3;"READY-MADE"
6869;15;"GADGETS"
40515;15;"GADGETS"
153692;13;"DRINKS"
153752;13;"DRINKS"
41164;12;"ACCESSORIES"
89980;6;"BEEF_PORK"
97993;10;"VEGETABLES"
101956;1;"OTHER_FROZEN"
93103;11;"FRUIT"
105007;1;"OTHER_FROZEN"
81319;7;"FISH"
216;1;"OTHER_FROZEN"
2618;7;"FISH"
1441;3;"READY-MADE"
128515;3;"READY-MADE"
142412;12;"ACCESSORIES"
145993;12;"ACCESSORIES"
146966;10;"VEGETABLES"
135194;1;"OTHER_FROZEN"
112191;3;"READY-MADE"
102545;12;"ACCESSORIES"
72444;15;"GADGETS"
134726;12;"ACCESSORIES"
133753;12;"ACCESSORIES"
107241;12;"ACCESSORIES"
152911;13;"DRINKS"
97789;10;"VEGETABLES"
101812;7;"FISH"
97717;3;"READY-MADE"
104455;6;"BEEF_PORK"
864;3;"READY-MADE"
408;1;"OTHER_FROZEN"
2377;7;"FISH"
2402;7;"FISH"
3038;9;"FRIES"
3374;10;"VEGETABLES"
15014;11;"FRUIT"
123002;11;"FRUIT"
137272;11;"FRUIT"
138965;12;"ACCESSORIES"
137416;12;"ACCESSORIES"
144324;7;"FISH"
108204;12;"ACCESSORIES"
108456;12;"ACCESSORIES"
150797;7;"FISH"
154040;13;"DRINKS"
136167;13;"DRINKS"
71493;12;"ACCESSORIES"
116322;11;"FRUIT"
150665;11;"FRUIT"
139410;12;"ACCESSORIES"
142100;7;"FISH"
49645;15;"GADGETS"
93343;7;"FISH"
94580;7;"FISH"
153932;13;"DRINKS"
153944;13;"DRINKS"
155553;1;"OTHER_FROZEN"
93872;6;"BEEF_PORK"
88299;12;"ACCESSORIES"
100587;3;"READY-MADE"
81379;3;"READY-MADE"
2750;7;"FISH"
3687;10;"VEGETABLES"
3410;10;"VEGETABLES"
1357;3;"READY-MADE"
7230;4;"POULTRY"
42869;10;"VEGETABLES"
138677;12;"ACCESSORIES"
138629;12;"ACCESSORIES"
114761;16;"OTHER"
115974;7;"FISH"
108336;12;"ACCESSORIES"
128599;7;"FISH"
112659;12;"ACCESSORIES"
133561;12;"ACCESSORIES"
107649;12;"ACCESSORIES"
154556;13;"DRINKS"
142917;1;"OTHER_FROZEN"
147915;1;"OTHER_FROZEN"
137500;11;"FRUIT"
173908;16;"OTHER"
153103;13;"DRINKS"
153187;13;"DRINKS"
153223;13;"DRINKS"
198113;12;"ACCESSORIES"
202652;13;"DRINKS"
185596;13;"DRINKS"
186341;13;"DRINKS"
173596;13;"DRINKS"
155361;13;"DRINKS"
154917;13;"DRINKS"
188479;13;"DRINKS"
173404;4;"POULTRY"
201920;10;"VEGETABLES"
189115;12;"ACCESSORIES"
154977;13;"DRINKS"
185896;13;"DRINKS"
186965;13;"DRINKS"
188647;13;"DRINKS"
11349;12;"ACCESSORIES"
200719;1;"OTHER_FROZEN"
155277;13;"DRINKS"
187109;13;"DRINKS"
188515;13;"DRINKS"
154929;13;"DRINKS"
186797;13;"DRINKS"
16227;12;"ACCESSORIES"
185116;3;"READY-MADE"
186377;13;"DRINKS"
191145;1;"OTHER_FROZEN"
202640;13;"DRINKS"
155181;12;"ACCESSORIES"
188707;13;"DRINKS"
173164;1;"OTHER_FROZEN"
183675;4;"POULTRY"
196876;12;"ACCESSORIES"
154881;13;"DRINKS"
188623;13;"DRINKS"
182233;3;"READY-MADE"
182966;10;"VEGETABLES"
200959;12;"ACCESSORIES"
192084;15;"GADGETS"
154833;13;"DRINKS"
186389;13;"DRINKS"
186917;13;"DRINKS"
186989;13;"DRINKS"
187326;13;"DRINKS"
187350;13;"DRINKS"
196179;12;"ACCESSORIES"
222797;1;"OTHER_FROZEN"
199362;12;"ACCESSORIES"
215361;12;"ACCESSORIES"
198617;12;"ACCESSORIES"
213439;13;"DRINKS"
207675;3;"READY-MADE"
227361;7;"FISH"
224971;3;"READY-MADE"
198569;12;"ACCESSORIES"
208155;1;"OTHER_FROZEN"
198149;12;"ACCESSORIES"
198137;12;"ACCESSORIES"
215397;12;"ACCESSORIES"
226917;12;"ACCESSORIES"
211518;3;"READY-MADE"
206510;7;"FISH"
208912;11;"FRUIT"
209836;1;"OTHER_FROZEN"
226905;12;"ACCESSORIES"
224262;1;"OTHER_FROZEN"
198341;12;"ACCESSORIES"
194233;12;"ACCESSORIES"
206233;7;"FISH"
217285;12;"ACCESSORIES"
220888;7;"FISH"
195554;12;"ACCESSORIES"
214893;3;"READY-MADE"
198317;12;"ACCESSORIES"
199410;12;"ACCESSORIES"
199422;12;"ACCESSORIES"
224058;1;"OTHER_FROZEN"
238652;13;"DRINKS"
234797;13;"DRINKS"
233116;7;"FISH"
228564;12;"ACCESSORIES"
231194;3;"READY-MADE"
227601;16;"OTHER"
235302;13;"DRINKS"
236731;10;"VEGETABLES"
230474;12;"ACCESSORIES"
236743;13;"DRINKS"
231915;3;"READY-MADE"
234809;13;"DRINKS"
232635;4;"POULTRY"
228312;3;"READY-MADE"
232876;12;"ACCESSORIES"
249451;4;"POULTRY"
244876;16;"OTHER"
253993;3;"READY-MADE"
242714;7;"FISH"
247782;7;"FISH"
252312;1;"OTHER_FROZEN"
248719;3;"READY-MADE"
240312;11;"FRUIT"
246797;3;"READY-MADE"
250652;1;"OTHER_FROZEN"
97753;3;"READY-MADE"
3723;10;"VEGETABLES"
14654;12;"ACCESSORIES"
18341;1;"OTHER_FROZEN"
38293;3;"READY-MADE"
44214;3;"READY-MADE"
116286;11;"FRUIT"
130760;4;"POULTRY"
147074;13;"DRINKS"
138305;12;"ACCESSORIES"
133933;12;"ACCESSORIES"
116539;11;"FRUIT"
134534;12;"ACCESSORIES"
106893;10;"VEGETABLES"
67914;9;"FRIES"
107709;12;"ACCESSORIES"
128683;12;"ACCESSORIES"
107145;12;"ACCESSORIES"
125068;13;"DRINKS"
108120;12;"ACCESSORIES"
154292;13;"DRINKS"
154628;13;"DRINKS"
152575;13;"DRINKS"
147723;1;"OTHER_FROZEN"
139230;12;"ACCESSORIES"
153163;13;"DRINKS"
153511;13;"DRINKS"
63458;3;"READY-MADE"
93620;13;"DRINKS"
101320;12;"ACCESSORIES"
102521;12;"ACCESSORIES"
89260;10;"VEGETABLES"
57571;12;"ACCESSORIES"
5440;3;"READY-MADE"
2341;7;"FISH"
4840;1;"OTHER_FROZEN"
18005;7;"FISH"
128022;12;"ACCESSORIES"
137116;11;"FRUIT"
146510;0;"OTHER"
133837;12;"ACCESSORIES"
133957;12;"ACCESSORIES"
134317;12;"ACCESSORIES"
78713;12;"ACCESSORIES"
74402;7;"FISH"
112599;12;"ACCESSORIES"
107337;12;"ACCESSORIES"
154652;13;"DRINKS"
154688;13;"DRINKS"
144336;7;"FISH"
151998;13;"DRINKS"
150845;0;"OTHER"
153764;13;"DRINKS"
148900;13;"DRINKS"
137260;11;"FRUIT"
146522;0;"OTHER"
151290;3;"READY-MADE"
153067;13;"DRINKS"
44022;10;"VEGETABLES"
55410;15;"GADGETS"
101824;7;"FISH"
85669;11;"FRUIT"
2774;7;"FISH"
3530;10;"VEGETABLES"
504;1;"OTHER_FROZEN"
5212;2;"SAUCE"
17656;1;"OTHER_FROZEN"
25765;7;"FISH"
61032;11;"FRUIT"
137224;11;"FRUIT"
138161;12;"ACCESSORIES"
133044;10;"VEGETABLES"
130857;10;"VEGETABLES"
139338;12;"ACCESSORIES"
138581;12;"ACCESSORIES"
139446;12;"ACCESSORIES"
107721;12;"ACCESSORIES"
154580;13;"DRINKS"
152419;13;"DRINKS"
138701;12;"ACCESSORIES"
122450;3;"READY-MADE"
124828;4;"POULTRY"
104671;10;"VEGETABLES"
107877;12;"ACCESSORIES"
124840;3;"READY-MADE"
107985;12;"ACCESSORIES"
153728;13;"DRINKS"
153812;13;"DRINKS"
38089;15;"GADGETS"
44202;3;"READY-MADE"
94881;7;"FISH"
105127;7;"FISH"
81343;1;"OTHER_FROZEN"
2762;7;"FISH"
3867;11;"FRUIT"
2281;3;"READY-MADE"
3026;9;"FRIES"
4491;1;"OTHER_FROZEN"
4131;12;"ACCESSORIES"
21163;3;"READY-MADE"
61885;12;"ACCESSORIES"
133729;12;"ACCESSORIES"
139434;12;"ACCESSORIES"
139518;11;"FRUIT"
133645;12;"ACCESSORIES"
108156;12;"ACCESSORIES"
113332;16;"OTHER"
116298;11;"FRUIT"
112203;3;"READY-MADE"
107373;12;"ACCESSORIES"
48960;7;"FISH"
137668;6;"BEEF_PORK"
139085;12;"ACCESSORIES"
138437;12;"ACCESSORIES"
137452;11;"FRUIT"
153992;13;"DRINKS"
108276;12;"ACCESSORIES"
126329;6;"BEEF_PORK"
107913;12;"ACCESSORIES"
124864;4;"POULTRY"
106845;9;"FRIES"
107685;12;"ACCESSORIES"
108132;12;"ACCESSORIES"
108036;12;"ACCESSORIES"
128479;1;"OTHER_FROZEN"
107349;12;"ACCESSORIES"
154364;13;"DRINKS"
139302;12;"ACCESSORIES"
153571;13;"DRINKS"
38101;15;"GADGETS"
51578;15;"GADGETS"
57331;1;"OTHER_FROZEN"
92382;3;"READY-MADE"
552;1;"OTHER_FROZEN"
780;2;"SAUCE"
540;1;"OTHER_FROZEN"
3098;9;"FRIES"
3194;10;"VEGETABLES"
5200;1;"OTHER_FROZEN"
30293;12;"ACCESSORIES"
153704;13;"DRINKS"
153788;13;"DRINKS"
60684;1;"OTHER_FROZEN"
63422;3;"READY-MADE"
44334;10;"VEGETABLES"
81367;3;"READY-MADE"
104911;1;"OTHER_FROZEN"
104971;12;"ACCESSORIES"
2642;7;"FISH"
588;1;"OTHER_FROZEN"
912;3;"READY-MADE"
3927;11;"FRUIT"
10292;16;"OTHER"
3050;9;"FRIES"
1849;3;"READY-MADE"
1981;4;"POULTRY"
17740;0;"OTHER"
30173;11;"FRUIT"
139169;12;"ACCESSORIES"
141199;11;"FRUIT"
109945;3;"READY-MADE"
87350;13;"DRINKS"
70532;3;"READY-MADE"
125548;3;"READY-MADE"
112671;1;"OTHER_FROZEN"
128959;0;"OTHER"
107217;12;"ACCESSORIES"
154100;13;"DRINKS"
154244;13;"DRINKS"
154700;13;"DRINKS"
140563;1;"OTHER_FROZEN"
147194;13;"DRINKS"
133032;11;"FRUIT"
152935;13;"DRINKS"
153343;13;"DRINKS"
93379;11;"FRUIT"
105043;3;"READY-MADE"
105079;12;"ACCESSORIES"
3603;10;"VEGETABLES"
2906;9;"FRIES"
372;1;"OTHER_FROZEN"
10256;16;"OTHER"
1297;3;"READY-MADE"
17812;1;"OTHER_FROZEN"
16335;12;"ACCESSORIES"
15122;11;"FRUIT"
61909;1;"OTHER_FROZEN"
44010;7;"FISH"
44274;7;"FISH"
139121;12;"ACCESSORIES"
137428;11;"FRUIT"
142208;7;"FISH"
147002;13;"DRINKS"
138725;12;"ACCESSORIES"
85909;1;"OTHER_FROZEN"
133609;12;"ACCESSORIES"
72240;12;"ACCESSORIES"
120552;3;"READY-MADE"
112335;11;"FRUIT"
119613;13;"DRINKS"
152695;13;"DRINKS"
141716;13;"DRINKS"
146498;0;"OTHER"
141968;7;"FISH"
147458;0;"OTHER"
53500;15;"GADGETS"
40551;12;"ACCESSORIES"
43902;4;"POULTRY"
92635;3;"READY-MADE"
87590;1;"OTHER_FROZEN"
173860;13;"DRINKS"
38077;15;"GADGETS"
89332;12;"ACCESSORIES"
94869;12;"ACCESSORIES"
103734;3;"READY-MADE"
105019;1;"OTHER_FROZEN"
81235;1;"OTHER_FROZEN"
228;1;"OTHER_FROZEN"
492;1;"OTHER_FROZEN"
10172;7;"FISH"
2546;7;"FISH"
9920;15;"GADGETS"
14233;10;"VEGETABLES"
142893;1;"OTHER_FROZEN"
146486;1;"OTHER_FROZEN"
130664;1;"OTHER_FROZEN"
138917;12;"ACCESSORIES"
109237;10;"VEGETABLES"
107325;12;"ACCESSORIES"
154220;13;"DRINKS"
152250;13;"DRINKS"
152479;13;"DRINKS"
137236;11;"FRUIT"
137248;11;"FRUIT"
151758;3;"READY-MADE"
178881;0;"OTHER"
191709;3;"READY-MADE"
189079;4;"POULTRY"
189043;1;"OTHER_FROZEN"
173356;15;"GADGETS"
179853;12;"ACCESSORIES"
188779;13;"DRINKS"
155049;13;"DRINKS"
155097;13;"DRINKS"
185128;10;"VEGETABLES"
173188;1;"OTHER_FROZEN"
4611;1;"OTHER_FROZEN"
181032;13;"DRINKS"
185608;13;"DRINKS"
12132;12;"ACCESSORIES"
201932;7;"FISH"
197860;12;"ACCESSORIES"
5020;1;"OTHER_FROZEN"
173392;10;"VEGETABLES"
186893;13;"DRINKS"
188635;13;"DRINKS"
188695;13;"DRINKS"
191673;10;"VEGETABLES"
15867;11;"FRUIT"
196647;12;"ACCESSORIES"
155121;13;"DRINKS"
154869;13;"DRINKS"
155205;12;"ACCESSORIES"
174317;16;"OTHER"
182005;3;"READY-MADE"
189223;12;"ACCESSORIES"
189439;13;"DRINKS"
154905;13;"DRINKS"
154965;13;"DRINKS"
173380;3;"READY-MADE"
178400;4;"POULTRY"
17416;0;"OTHER"
180312;3;"READY-MADE"
180552;13;"DRINKS"
186089;13;"DRINKS"
191625;3;"READY-MADE"
195603;12;"ACCESSORIES"
198701;12;"ACCESSORIES"
217032;12;"ACCESSORIES"
194017;12;"ACCESSORIES"
216072;12;"ACCESSORIES"
193753;12;"ACCESSORIES"
198389;12;"ACCESSORIES"
216324;12;"ACCESSORIES"
195615;12;"ACCESSORIES"
204576;11;"FRUIT"
212479;16;"OTHER"
217273;12;"ACCESSORIES"
215505;12;"ACCESSORIES"
219446;13;"DRINKS"
6965;4;"POULTRY"
7085;4;"POULTRY"
16275;12;"ACCESSORIES"
204804;11;"FRUIT"
195578;12;"ACCESSORIES"
223542;7;"FISH"
199037;12;"ACCESSORIES"
194510;12;"ACCESSORIES"
208659;3;"READY-MADE"
226160;7;"FISH"
224010;3;"READY-MADE"
193777;12;"ACCESSORIES"
198677;12;"ACCESSORIES"
199398;12;"ACCESSORIES"
198329;12;"ACCESSORIES"
214881;1;"OTHER_FROZEN"
222557;3;"READY-MADE"
16119;12;"ACCESSORIES"
221596;13;"DRINKS"
198653;12;"ACCESSORIES"
234821;13;"DRINKS"
237920;13;"DRINKS"
235290;13;"DRINKS"
235073;13;"DRINKS"
233356;15;"GADGETS"
235518;13;"DRINKS"
235530;13;"DRINKS"
236238;13;"DRINKS"
230233;12;"ACCESSORIES"
236491;7;"FISH"
242005;13;"DRINKS"
251601;1;"OTHER_FROZEN"
242726;7;"FISH"
248238;7;"FISH"
253753;6;"BEEF_PORK"
242245;3;"READY-MADE"
243675;13;"DRINKS"
239601;13;"DRINKS"
249920;3;"READY-MADE"
250160;10;"VEGETABLES"
251841;1;"OTHER_FROZEN"
246557;7;"FISH"
243699;13;"DRINKS"
251361;3;"READY-MADE"
247758;1;"OTHER_FROZEN"
336;1;"OTHER_FROZEN"
4311;13;"DRINKS"
13068;15;"GADGETS"
13297;16;"OTHER"
20755;3;"READY-MADE"
27699;3;"READY-MADE"
128551;7;"FISH"
142052;7;"FISH"
137308;3;"READY-MADE"
108468;12;"ACCESSORIES"
114749;1;"OTHER_FROZEN"
124611;4;"POULTRY"
122942;3;"READY-MADE"
105163;11;"FRUIT"
60732;3;"READY-MADE"
79169;12;"ACCESSORIES"
74173;3;"READY-MADE"
115470;0;"OTHER"
111146;10;"VEGETABLES"
110233;6;"BEEF_PORK"
112179;3;"READY-MADE"
154112;13;"DRINKS"
152286;13;"DRINKS"
152599;13;"DRINKS"
139001;12;"ACCESSORIES"
30353;13;"DRINKS"
52852;12;"ACCESSORIES"
89764;1;"OTHER_FROZEN"
43890;1;"OTHER_FROZEN"
41932;12;"ACCESSORIES"
63807;3;"READY-MADE"
94100;10;"VEGETABLES"
95781;15;"GADGETS"
81283;3;"READY-MADE"
97693;1;"OTHER_FROZEN"
1333;3;"READY-MADE"
1585;3;"READY-MADE"
1993;4;"POULTRY"
17728;13;"DRINKS"
60780;3;"READY-MADE"
148888;3;"READY-MADE"
130881;10;"VEGETABLES"
137476;11;"FRUIT"
138593;12;"ACCESSORIES"
144396;7;"FISH"
138137;12;"ACCESSORIES"
122990;10;"VEGETABLES"
111627;3;"READY-MADE"
119793;16;"OTHER"
134558;12;"ACCESSORIES"
126557;12;"ACCESSORIES"
117451;12;"ACCESSORIES"
115962;4;"POULTRY"
147747;13;"DRINKS"
139326;12;"ACCESSORIES"
137392;11;"FRUIT"
152803;13;"DRINKS"
137212;11;"FRUIT"
153776;13;"DRINKS"
38317;11;"FRUIT"
49885;7;"FISH"
89344;12;"ACCESSORIES"
100852;4;"POULTRY"
94340;12;"ACCESSORIES"
98041;12;"ACCESSORIES"
81211;1;"OTHER_FROZEN"
2185;6;"BEEF_PORK"
4023;11;"FRUIT"
3218;10;"VEGETABLES"
130652;11;"FRUIT"
139049;12;"ACCESSORIES"
141692;13;"DRINKS"
123903;12;"ACCESSORIES"
107313;12;"ACCESSORIES"
130772;3;"READY-MADE"
139290;12;"ACCESSORIES"
82857;1;"OTHER_FROZEN"
123627;15;"GADGETS"
133945;12;"ACCESSORIES"
107181;12;"ACCESSORIES"
116058;11;"FRUIT"
153620;13;"DRINKS"
62377;12;"ACCESSORIES"
40359;15;"GADGETS"
89848;4;"POULTRY"
101968;1;"OTHER_FROZEN"
96252;12;"ACCESSORIES"
105151;13;"DRINKS"
2353;7;"FISH"
4936;16;"OTHER"
2005;4;"POULTRY"
11661;1;"OTHER_FROZEN"
30065;4;"POULTRY"
17620;1;"OTHER_FROZEN"
116671;3;"READY-MADE"
138209;12;"ACCESSORIES"
141944;7;"FISH"
137644;3;"READY-MADE"
135554;10;"VEGETABLES"
135939;3;"READY-MADE"
147446;13;"DRINKS"
130809;7;"FISH"
122666;7;"FISH"
125560;3;"READY-MADE"
107109;12;"ACCESSORIES"
67169;15;"GADGETS"
130184;12;"ACCESSORIES"
114029;15;"GADGETS"
121477;3;"READY-MADE"
154208;13;"DRINKS"
154592;13;"DRINKS"
116334;11;"FRUIT"
133669;12;"ACCESSORIES"
135542;9;"FRIES"
130796;7;"FISH"
130436;1;"OTHER_FROZEN"
108072;12;"ACCESSORIES"
150821;3;"READY-MADE"
125836;12;"ACCESSORIES"
107997;12;"ACCESSORIES"
111639;3;"READY-MADE"
128659;4;"POULTRY"
123386;3;"READY-MADE"
129932;9;"FRIES"
67938;13;"DRINKS"
108096;12;"ACCESSORIES"
107097;12;"ACCESSORIES"
121465;7;"FISH"
136936;11;"FRUIT"
107949;12;"ACCESSORIES"
109225;10;"VEGETABLES"
108396;12;"ACCESSORIES"
154508;13;"DRINKS"
154664;13;"DRINKS"
142136;7;"FISH"
138389;12;"ACCESSORIES"
96264;0;"OTHER"
101068;3;"READY-MADE"
106869;10;"VEGETABLES"
153644;13;"DRINKS"
44034;3;"READY-MADE"
49405;15;"GADGETS"
48204;15;"GADGETS"
52299;1;"OTHER_FROZEN"
38534;4;"POULTRY"
89800;3;"READY-MADE"
92863;3;"READY-MADE"
1201;3;"READY-MADE"
5080;1;"OTHER_FROZEN"
44166;1;"OTHER_FROZEN"
53008;6;"BEEF_PORK"
22664;12;"ACCESSORIES"
81355;1;"OTHER_FROZEN"
97777;7;"FISH"
101788;7;"FISH"
103758;3;"READY-MADE"
105632;0;"OTHER"
96;1;"OTHER_FROZEN"
10232;16;"OTHER"
2329;7;"FISH"
3254;10;"VEGETABLES"
18437;7;"FISH"
21223;4;"POULTRY"
24612;1;"OTHER_FROZEN"
30137;7;"FISH"
116370;3;"READY-MADE"
133633;12;"ACCESSORIES"
130736;3;"READY-MADE"
134353;12;"ACCESSORIES"
120744;13;"DRINKS"
112143;1;"OTHER_FROZEN"
124587;7;"FISH"
128503;3;"READY-MADE"
118352;0;"OTHER"
115950;1;"OTHER_FROZEN"
116190;11;"FRUIT"
154148;13;"DRINKS"
154316;13;"DRINKS"
153139;13;"DRINKS"
153247;13;"DRINKS"
85657;11;"FRUIT"
88311;16;"OTHER"
94833;12;"ACCESSORIES"
106352;7;"FISH"
97729;3;"READY-MADE"
3302;10;"VEGETABLES"
21319;1;"OTHER_FROZEN"
21968;1;"OTHER_FROZEN"
133825;12;"ACCESSORIES"
144408;13;"DRINKS"
115998;11;"FRUIT"
134702;12;"ACCESSORIES"
121705;0;"OTHER"
134834;12;"ACCESSORIES"
104947;3;"READY-MADE"
78929;4;"POULTRY"
107289;12;"ACCESSORIES"
116214;11;"FRUIT"
154400;13;"DRINKS"
154496;13;"DRINKS"
154760;13;"DRINKS"
151037;0;"OTHER"
153115;13;"DRINKS"
153127;13;"DRINKS"
153824;13;"DRINKS"
40239;15;"GADGETS"
96012;7;"FISH"
153872;13;"DRINKS"
55650;1;"OTHER_FROZEN"
49164;1;"OTHER_FROZEN"
44346;11;"FRUIT"
81427;12;"ACCESSORIES"
95541;7;"FISH"
104995;13;"DRINKS"
2798;7;"FISH"
3771;11;"FRUIT"
3795;11;"FRUIT"
3963;11;"FRUIT"
10244;16;"OTHER"
2197;6;"BEEF_PORK"
3314;10;"VEGETABLES"
4155;12;"ACCESSORIES"
17392;1;"OTHER_FROZEN"
25525;1;"OTHER_FROZEN"
21692;4;"POULTRY"
29860;1;"OTHER_FROZEN"
22172;1;"OTHER_FROZEN"
116551;3;"READY-MADE"
127037;3;"READY-MADE"
134774;12;"ACCESSORIES"
119601;13;"DRINKS"
135254;7;"FISH"
127758;15;"GADGETS"
128250;12;"ACCESSORIES"
107769;12;"ACCESSORIES"
117439;11;"FRUIT"
119073;7;"FISH"
123639;15;"GADGETS"
115722;15;"GADGETS"
116010;11;"FRUIT"
146005;12;"ACCESSORIES"
147062;13;"DRINKS"
139266;12;"ACCESSORIES"
144348;7;"FISH"
152743;13;"DRINKS"
153415;13;"DRINKS"
181993;1;"OTHER_FROZEN"
197836;12;"ACCESSORIES"
16407;12;"ACCESSORIES"
40936;15;"GADGETS"
188983;10;"VEGETABLES"
155013;13;"DRINKS"
185872;13;"DRINKS"
188959;3;"READY-MADE"
191613;1;"OTHER_FROZEN"
154784;13;"DRINKS"
191133;1;"OTHER_FROZEN"
61164;13;"DRINKS"
42377;10;"VEGETABLES"
155229;13;"DRINKS"
155253;13;"DRINKS"
186845;13;"DRINKS"
189163;13;"DRINKS"
16251;12;"ACCESSORIES"
154857;13;"DRINKS"
196659;12;"ACCESSORIES"
155145;13;"DRINKS"
179601;12;"ACCESSORIES"
187302;13;"DRINKS"
175518;13;"DRINKS"
188767;13;"DRINKS"
189019;3;"READY-MADE"
189680;3;"READY-MADE"
155157;13;"DRINKS"
188731;13;"DRINKS"
183915;11;"FRUIT"
183927;11;"FRUIT"
186857;13;"DRINKS"
189475;13;"DRINKS"
187073;13;"DRINKS"
187410;12;"ACCESSORIES"
177199;3;"READY-MADE"
37849;15;"GADGETS"
12204;12;"ACCESSORIES"
15458;1;"OTHER_FROZEN"
15975;12;"ACCESSORIES"
155085;13;"DRINKS"
155481;13;"DRINKS"
183206;6;"BEEF_PORK"
188250;10;"VEGETABLES"
221836;7;"FISH"
205273;16;"OTHER"
198557;12;"ACCESSORIES"
208876;3;"READY-MADE"
198077;12;"ACCESSORIES"
196431;12;"ACCESSORIES"
199109;12;"ACCESSORIES"
209596;3;"READY-MADE"
208635;11;"FRUIT"
198605;12;"ACCESSORIES"
199470;12;"ACCESSORIES"
199133;12;"ACCESSORIES"
208900;11;"FRUIT"
226664;12;"ACCESSORIES"
11505;13;"DRINKS"
15939;12;"ACCESSORIES"
15951;12;"ACCESSORIES"
198785;12;"ACCESSORIES"
208683;3;"READY-MADE"
199386;12;"ACCESSORIES"
219675;6;"BEEF_PORK"
210077;4;"POULTRY"
203361;16;"OTHER"
215481;12;"ACCESSORIES"
132072;15;"GADGETS"
217753;12;"ACCESSORIES"
198773;12;"ACCESSORIES"
215445;7;"FISH"
204312;11;"FRUIT"
215373;12;"ACCESSORIES"
198101;12;"ACCESSORIES"
204336;6;"BEEF_PORK"
194954;12;"ACCESSORIES"
195915;12;"ACCESSORIES"
227121;12;"ACCESSORIES"
12156;12;"ACCESSORIES"
209356;1;"OTHER_FROZEN"
222077;1;"OTHER_FROZEN"
198353;12;"ACCESSORIES"
227157;12;"ACCESSORIES"
15795;11;"FRUIT"
223530;3;"READY-MADE"
224298;3;"READY-MADE"
224310;3;"READY-MADE"
198689;12;"ACCESSORIES"
238893;3;"READY-MADE"
225211;13;"DRINKS"
225439;13;"DRINKS"
230714;12;"ACCESSORIES"
236719;3;"READY-MADE"
238881;3;"READY-MADE"
242966;7;"FISH"
244395;10;"VEGETABLES"
253513;3;"READY-MADE"
241753;13;"DRINKS"
244635;3;"READY-MADE"
245140;3;"READY-MADE"
249211;9;"FRIES"
247518;10;"VEGETABLES"
245356;11;"FRUIT"
241032;12;"ACCESSORIES"
253285;7;"FISH"
248959;7;"FISH"
241993;3;"READY-MADE"
250640;10;"VEGETABLES"
249223;10;"VEGETABLES"
249439;1;"OTHER_FROZEN"
81259;3;"READY-MADE"
97981;9;"FRIES"
264;1;"OTHER_FROZEN"
4095;12;"ACCESSORIES"
9644;7;"FISH"
16155;12;"ACCESSORIES"
30101;3;"READY-MADE"
60744;3;"READY-MADE"
60996;3;"READY-MADE"
60864;10;"VEGETABLES"
129920;10;"VEGETABLES"
137152;11;"FRUIT"
137368;11;"FRUIT"
142244;7;"FISH"
147026;3;"READY-MADE"
139206;12;"ACCESSORIES"
134858;12;"ACCESSORIES"
134870;12;"ACCESSORIES"
119553;7;"FISH"
74365;9;"FRIES"
134281;12;"ACCESSORIES"
128719;12;"ACCESSORIES"
107805;12;"ACCESSORIES"
154736;13;"DRINKS"
141920;1;"OTHER_FROZEN"
136395;13;"DRINKS"
153175;13;"DRINKS"
38522;7;"FISH"
44154;1;"OTHER_FROZEN"
53968;15;"GADGETS"
95565;7;"FISH"
101860;7;"FISH"
81595;10;"VEGETABLES"
89500;12;"ACCESSORIES"
564;1;"OTHER_FROZEN"
576;1;"OTHER_FROZEN"
204;1;"OTHER_FROZEN"
2606;7;"FISH"
3975;11;"FRUIT"
3350;10;"VEGETABLES"
1813;3;"READY-MADE"
1945;4;"POULTRY"
7157;4;"POULTRY"
17440;1;"OTHER_FROZEN"
32827;15;"GADGETS"
21199;9;"FRIES"
130833;9;"FRIES"
138377;12;"ACCESSORIES"
142172;7;"FISH"
146954;4;"POULTRY"
108192;12;"ACCESSORIES"
134017;12;"ACCESSORIES"
107565;12;"ACCESSORIES"
128611;7;"FISH"
115710;15;"GADGETS"
60708;3;"READY-MADE"
112239;3;"READY-MADE"
150317;3;"READY-MADE"
153836;13;"DRINKS"
153860;13;"DRINKS"
138617;12;"ACCESSORIES"
140515;12;"ACCESSORIES"
153007;13;"DRINKS"
153499;13;"DRINKS"
173836;13;"DRINKS"
60816;3;"READY-MADE"
87098;11;"FRUIT"
85681;7;"FISH"
89788;10;"VEGETABLES"
2822;7;"FISH"
816;2;"SAUCE"
384;1;"OTHER_FROZEN"
2450;7;"FISH"
17980;3;"READY-MADE"
26257;7;"FISH"
142929;1;"OTHER_FROZEN"
107781;12;"ACCESSORIES"
108000;12;"ACCESSORIES"
154136;13;"DRINKS"
154160;13;"DRINKS"
154436;13;"DRINKS"
153019;13;"DRINKS"
89272;10;"VEGETABLES"
107193;12;"ACCESSORIES"
126089;6;"BEEF_PORK"
67650;6;"BEEF_PORK"
70556;12;"ACCESSORIES"
107553;12;"ACCESSORIES"
117151;12;"ACCESSORIES"
155541;3;"READY-MADE"
173884;12;"ACCESSORIES"
42617;12;"ACCESSORIES"
3615;10;"VEGETABLES"
348;1;"OTHER_FROZEN"
2498;7;"FISH"
4059;1;"OTHER_FROZEN"
3482;10;"VEGETABLES"
4275;12;"ACCESSORIES"
1969;4;"POULTRY"
12960;9;"FRIES"
14209;10;"VEGETABLES"
8743;15;"GADGETS"
135915;3;"READY-MADE"
140238;12;"ACCESSORIES"
107277;12;"ACCESSORIES"
114269;13;"DRINKS"
111386;10;"VEGETABLES"
108024;12;"ACCESSORIES"
150581;4;"POULTRY"
150617;1;"OTHER_FROZEN"
144552;13;"DRINKS"
148635;3;"READY-MADE"
116346;11;"FRUIT"
128491;1;"OTHER_FROZEN"
140575;7;"FISH"
130640;4;"POULTRY"
141956;7;"FISH"
150077;7;"FISH"
135518;3;"READY-MADE"
142232;7;"FISH"
117403;1;"OTHER_FROZEN"
119565;1;"OTHER_FROZEN"
120540;3;"READY-MADE"
151302;3;"READY-MADE"
136155;6;"BEEF_PORK"
118112;12;"ACCESSORIES"
101932;1;"OTHER_FROZEN"
108300;12;"ACCESSORIES"
130196;12;"ACCESSORIES"
154376;13;"DRINKS"
152611;13;"DRINKS"
130676;1;"OTHER_FROZEN"
138353;12;"ACCESSORIES"
138869;12;"ACCESSORIES"
153031;13;"DRINKS"
153091;13;"DRINKS"
153391;13;"DRINKS"
153559;13;"DRINKS"
97765;7;"FISH"
98005;10;"VEGETABLES"
101332;12;"ACCESSORIES"
153668;13;"DRINKS"
63434;3;"READY-MADE"
64071;12;"ACCESSORIES"
89872;10;"VEGETABLES"
3554;3;"READY-MADE"
3230;10;"VEGETABLES"
1633;3;"READY-MADE"
35181;3;"READY-MADE"
22196;4;"POULTRY"
27590;3;"READY-MADE"
98065;12;"ACCESSORIES"
468;1;"OTHER_FROZEN"
6413;3;"READY-MADE"
3338;10;"VEGETABLES"
1801;3;"READY-MADE"
1897;4;"POULTRY"
17308;7;"FISH"
18521;3;"READY-MADE"
26486;10;"VEGETABLES"
30041;12;"ACCESSORIES"
30149;9;"FRIES"
30209;13;"DRINKS"
133693;12;"ACCESSORIES"
137140;11;"FRUIT"
138425;12;"ACCESSORIES"
121501;3;"READY-MADE"
121489;1;"OTHER_FROZEN"
108240;12;"ACCESSORIES"
118833;3;"READY-MADE"
134618;12;"ACCESSORIES"
70772;7;"FISH"
72924;4;"POULTRY"
130208;12;"ACCESSORIES"
118592;0;"OTHER"
131121;16;"OTHER"
140551;3;"READY-MADE"
139242;12;"ACCESSORIES"
82833;12;"ACCESSORIES"
81391;7;"FISH"
3699;10;"VEGETABLES"
3855;11;"FRUIT"
516;1;"OTHER_FROZEN"
4107;13;"DRINKS"
2990;9;"FRIES"
11625;13;"DRINKS"
37321;12;"ACCESSORIES"
43938;3;"READY-MADE"
54449;1;"OTHER_FROZEN"
139374;12;"ACCESSORIES"
145753;0;"OTHER"
139458;12;"ACCESSORIES"
142040;1;"OTHER_FROZEN"
134389;12;"ACCESSORIES"
107589;12;"ACCESSORIES"
108492;12;"ACCESSORIES"
112635;12;"ACCESSORIES"
105115;12;"ACCESSORIES"
105884;6;"BEEF_PORK"
67926;13;"DRINKS"
133573;12;"ACCESSORIES"
154640;13;"DRINKS"
144360;1;"OTHER_FROZEN"
144792;12;"ACCESSORIES"
146714;1;"OTHER_FROZEN"
150593;9;"FRIES"
153079;13;"DRINKS"
153475;13;"DRINKS"
153908;13;"DRINKS"
155565;16;"OTHER"
44322;10;"VEGETABLES"
55890;1;"OTHER_FROZEN"
89308;1;"OTHER_FROZEN"
63398;3;"READY-MADE"
20034;1;"OTHER_FROZEN"
103746;11;"FRUIT"
104443;10;"VEGETABLES"
98089;1;"OTHER_FROZEN"
116034;4;"POULTRY"
119577;7;"FISH"
128563;7;"FISH"
107613;12;"ACCESSORIES"
116070;3;"READY-MADE"
117656;12;"ACCESSORIES"
129692;3;"READY-MADE"
134341;12;"ACCESSORIES"
107757;12;"ACCESSORIES"
152298;13;"DRINKS"
152527;13;"DRINKS"
152731;13;"DRINKS"
130400;12;"ACCESSORIES"
135434;3;"READY-MADE"
142256;7;"FISH"
138893;12;"ACCESSORIES"
150557;4;"POULTRY"
182257;16;"OTHER"
4119;12;"ACCESSORIES"
193032;7;"FISH"
189055;1;"OTHER_FROZEN"
189692;3;"READY-MADE"
201680;3;"READY-MADE"
186977;13;"DRINKS"
173416;4;"POULTRY"
174557;1;"OTHER_FROZEN"
155037;13;"DRINKS"
155433;13;"DRINKS"
177439;1;"OTHER_FROZEN"
179361;3;"READY-MADE"
187998;15;"GADGETS"
185860;13;"DRINKS"
191649;7;"FISH"
186809;13;"DRINKS"
186929;13;"DRINKS"
186077;13;"DRINKS"
176238;13;"DRINKS"
11481;12;"ACCESSORIES"
200755;11;"FRUIT"
155457;13;"DRINKS"
155445;13;"DRINKS"
155133;13;"DRINKS"
155385;13;"DRINKS"
188527;13;"DRINKS"
188575;13;"DRINKS"
192072;15;"GADGETS"
40275;15;"GADGETS"
200731;3;"READY-MADE"
189247;7;"FISH"
189139;3;"READY-MADE"
32767;3;"READY-MADE"
184647;1;"OTHER_FROZEN"
187290;13;"DRINKS"
186401;13;"DRINKS"
189031;1;"OTHER_FROZEN"
15879;13;"DRINKS"
189451;13;"DRINKS"
197848;12;"ACCESSORIES"
28888;12;"ACCESSORIES"
16491;12;"ACCESSORIES"
182714;13;"DRINKS"
186329;13;"DRINKS"
175530;13;"DRINKS"
183194;7;"FISH"
155073;13;"DRINKS"
181273;11;"FRUIT"
187037;13;"DRINKS"
187338;13;"DRINKS"
187518;0;"OTHER"
215469;12;"ACCESSORIES"
199482;12;"ACCESSORIES"
5092;12;"ACCESSORIES"
195566;12;"ACCESSORIES"
198749;12;"ACCESSORIES"
211758;12;"ACCESSORIES"
199458;12;"ACCESSORIES"
196395;12;"ACCESSORIES"
223037;8;"PASTRY"
212743;1;"OTHER_FROZEN"
209848;1;"OTHER_FROZEN"
224479;3;"READY-MADE"
4828;0;"OTHER"
15266;11;"FRUIT"
16359;12;"ACCESSORIES"
226652;12;"ACCESSORIES"
218474;16;"OTHER"
198377;12;"ACCESSORIES"
211278;15;"GADGETS"
205765;7;"FISH"
207915;10;"VEGETABLES"
212971;1;"OTHER_FROZEN"
216552;12;"ACCESSORIES"
15482;3;"READY-MADE"
198581;12;"ACCESSORIES"
206498;7;"FISH"
212491;1;"OTHER_FROZEN"
218005;12;"ACCESSORIES"
226640;12;"ACCESSORIES"
195446;12;"ACCESSORIES"
204072;13;"DRINKS"
206954;15;"GADGETS"
199097;12;"ACCESSORIES"
194714;12;"ACCESSORIES"
215121;1;"OTHER_FROZEN"
198761;12;"ACCESSORIES"
220155;1;"OTHER_FROZEN"
15807;11;"FRUIT"
203841;0;"OTHER"
237211;13;"DRINKS"
234317;13;"DRINKS"
238400;0;"OTHER"
235049;13;"DRINKS"
235770;13;"DRINKS"
231434;7;"FISH"
252792;11;"FRUIT"
247049;3;"READY-MADE"
252324;13;"DRINKS"
241273;13;"DRINKS"
242954;7;"FISH"
252072;1;"OTHER_FROZEN"
243915;7;"FISH"
242474;13;"DRINKS"
14293;11;"FRUIT"
250172;1;"OTHER_FROZEN"
253525;7;"FISH"
244155;3;"READY-MADE"
253537;10;"VEGETABLES"
12576;12;"ACCESSORIES"
253273;3;"READY-MADE"
101944;1;"OTHER_FROZEN"
97945;10;"VEGETABLES"
98654;10;"VEGETABLES"
102569;12;"ACCESSORIES"
104923;3;"READY-MADE"
106833;9;"FRIES"
89908;3;"READY-MADE"
2630;7;"FISH"
2714;7;"FISH"
756;2;"SAUCE"
2173;4;"POULTRY"
1609;3;"READY-MADE"
1957;4;"POULTRY"
12816;9;"FRIES"
18209;7;"FISH"
18473;11;"FRUIT"
60828;3;"READY-MADE"
60768;3;"READY-MADE"
138101;12;"ACCESSORIES"
147086;13;"DRINKS"
108744;12;"ACCESSORIES"
134462;12;"ACCESSORIES"
126317;6;"BEEF_PORK"
75566;11;"FRUIT"
74462;7;"FISH"
71745;13;"DRINKS"
133801;12;"ACCESSORIES"
134570;12;"ACCESSORIES"
108048;12;"ACCESSORIES"
121237;1;"OTHER_FROZEN"
122966;7;"FISH"
134414;12;"ACCESSORIES"
138281;12;"ACCESSORIES"
138653;12;"ACCESSORIES"
142016;7;"FISH"
152995;13;"DRINKS"
153319;13;"DRINKS"
153583;13;"DRINKS"
63350;3;"READY-MADE"
63362;3;"READY-MADE"
40203;4;"POULTRY"
44046;11;"FRUIT"
91662;12;"ACCESSORIES"
98017;11;"FRUIT"
104935;3;"READY-MADE"
600;12;"ACCESSORIES"
3747;10;"VEGETABLES"
324;1;"OTHER_FROZEN"
480;1;"OTHER_FROZEN"
30197;6;"BEEF_PORK"
117644;12;"ACCESSORIES"
142064;7;"FISH"
139181;12;"ACCESSORIES"
139422;12;"ACCESSORIES"
142304;13;"DRINKS"
82796;12;"ACCESSORIES"
107865;12;"ACCESSORIES"
125344;12;"ACCESSORIES"
128539;7;"FISH"
134546;12;"ACCESSORIES"
134846;12;"ACCESSORIES"
71733;13;"DRINKS"
134365;12;"ACCESSORIES"
108444;12;"ACCESSORIES"
136635;11;"FRUIT"
107901;12;"ACCESSORIES"
108384;12;"ACCESSORIES"
134329;12;"ACCESSORIES"
108108;12;"ACCESSORIES"
154460;13;"DRINKS"
107937;12;"ACCESSORIES"
130905;11;"FRUIT"
135506;3;"READY-MADE"
151326;3;"READY-MADE"
89896;3;"READY-MADE"
89740;6;"BEEF_PORK"
94845;3;"READY-MADE"
98894;3;"READY-MADE"
10268;16;"OTHER"
22184;3;"READY-MADE"
138233;12;"ACCESSORIES"
140491;1;"OTHER_FROZEN"
137356;11;"FRUIT"
113320;16;"OTHER"
154268;13;"DRINKS"
154352;13;"DRINKS"
136431;13;"DRINKS"
138197;12;"ACCESSORIES"
137176;11;"FRUIT"
150605;1;"OTHER_FROZEN"
153043;13;"DRINKS"
153199;13;"DRINKS"
135242;4;"POULTRY"
136876;11;"FRUIT"
121249;7;"FISH"
134450;12;"ACCESSORIES"
70568;12;"ACCESSORIES"
134005;12;"ACCESSORIES"
134305;12;"ACCESSORIES"
134582;12;"ACCESSORIES"
107637;12;"ACCESSORIES"
108168;12;"ACCESSORIES"
108252;12;"ACCESSORIES"
112227;3;"READY-MADE"
115230;13;"DRINKS"
117632;12;"ACCESSORIES"
122438;1;"OTHER_FROZEN"
22256;1;"OTHER_FROZEN"
44118;1;"OTHER_FROZEN"
89920;7;"FISH"
2522;7;"FISH"
2558;7;"FISH"
1909;4;"POULTRY"
5068;1;"OTHER_FROZEN"
15578;13;"DRINKS"
22232;10;"VEGETABLES"
38582;3;"READY-MADE"
49909;10;"VEGETABLES"
60804;3;"READY-MADE"
138761;12;"ACCESSORIES"
138221;12;"ACCESSORIES"
134438;12;"ACCESSORIES"
134678;12;"ACCESSORIES"
133969;12;"ACCESSORIES"
125332;10;"VEGETABLES"
134954;11;"FRUIT"
107169;12;"ACCESSORIES"
120564;13;"DRINKS"
107961;12;"ACCESSORIES"
122954;6;"BEEF_PORK"
112323;11;"FRUIT"
154412;13;"DRINKS"
154724;13;"DRINKS"
138185;12;"ACCESSORIES"
142953;1;"OTHER_FROZEN"
147050;13;"DRINKS"
135470;1;"OTHER_FROZEN"
149116;3;"READY-MADE"
134053;12;"ACCESSORIES"
134486;12;"ACCESSORIES"
112683;1;"OTHER_FROZEN"
86846;7;"FISH"
126077;6;"BEEF_PORK"
76527;15;"GADGETS"
127278;12;"ACCESSORIES"
154520;13;"DRINKS"
152394;16;"OTHER"
152431;13;"DRINKS"
138665;12;"ACCESSORIES"
149368;3;"READY-MADE"
136419;4;"POULTRY"
140539;12;"ACCESSORIES"
148407;1;"OTHER_FROZEN"
153439;13;"DRINKS"
89776;1;"OTHER_FROZEN"
24324;13;"DRINKS"
50606;6;"BEEF_PORK"
40287;12;"ACCESSORIES"
64047;7;"FISH"
3542;10;"VEGETABLES"
2918;9;"FRIES"
30329;11;"FRUIT"
61681;1;"OTHER_FROZEN"
153800;13;"DRINKS"
173848;13;"DRINKS"
61897;1;"OTHER_FROZEN"
44238;3;"READY-MADE"
60984;3;"READY-MADE"
93884;1;"OTHER_FROZEN"
101884;7;"FISH"
89296;3;"READY-MADE"
94821;3;"READY-MADE"
1068;3;"READY-MADE"
2870;7;"FISH"
4179;12;"ACCESSORIES"
17428;1;"OTHER_FROZEN"
18389;11;"FRUIT"
138857;12;"ACCESSORIES"
146474;3;"READY-MADE"
138689;12;"ACCESSORIES"
130424;1;"OTHER_FROZEN"
138821;12;"ACCESSORIES"
141439;9;"FRIES"
142400;12;"ACCESSORIES"
107577;12;"ACCESSORIES"
133513;12;"ACCESSORIES"
133585;12;"ACCESSORIES"
117680;15;"GADGETS"
67890;9;"FRIES"
123939;1;"OTHER_FROZEN"
107253;12;"ACCESSORIES"
108228;12;"ACCESSORIES"
108420;12;"ACCESSORIES"
110185;6;"BEEF_PORK"
125608;12;"ACCESSORIES"
154340;13;"DRINKS"
138257;12;"ACCESSORIES"
138833;12;"ACCESSORIES"
153211;13;"DRINKS"
1176;3;"READY-MADE"
48;1;"OTHER_FROZEN"
432;1;"OTHER_FROZEN"
10340;7;"FISH"
2594;7;"FISH"
3999;3;"READY-MADE"
3062;9;"FRIES"
3242;3;"READY-MADE"
3362;10;"VEGETABLES"
4635;1;"OTHER_FROZEN"
1741;3;"READY-MADE"
17332;1;"OTHER_FROZEN"
31085;4;"POULTRY"
31542;12;"ACCESSORIES"
24600;3;"READY-MADE"
43926;10;"VEGETABLES"
42629;12;"ACCESSORIES"
135482;1;"OTHER_FROZEN"
130748;3;"READY-MADE"
138173;12;"ACCESSORIES"
137404;13;"DRINKS"
140719;3;"READY-MADE"
108984;4;"POULTRY"
117668;12;"ACCESSORIES"
134233;12;"ACCESSORIES"
106112;15;"GADGETS"
107925;12;"ACCESSORIES"
154196;13;"DRINKS"
154304;13;"DRINKS"
154616;13;"DRINKS"
152491;13;"DRINKS"
152515;13;"DRINKS"
138449;12;"ACCESSORIES"
142004;7;"FISH"
148155;3;"READY-MADE"
137680;7;"FISH"
152875;13;"DRINKS"
153295;13;"DRINKS"
153487;13;"DRINKS"
153716;13;"DRINKS"
38305;9;"FRIES"
81271;3;"READY-MADE"
92647;3;"READY-MADE"
81571;7;"FISH"
3651;10;"VEGETABLES"
4299;12;"ACCESSORIES"
4395;1;"OTHER_FROZEN"
17320;1;"OTHER_FROZEN"
18365;11;"FRUIT"
138317;12;"ACCESSORIES"
140527;12;"ACCESSORIES"
145032;1;"OTHER_FROZEN"
138245;12;"ACCESSORIES"
134065;12;"ACCESSORIES"
154028;13;"DRINKS"
88539;12;"ACCESSORIES"
134269;12;"ACCESSORIES"
78689;12;"ACCESSORIES"
114521;1;"OTHER_FROZEN"
134666;12;"ACCESSORIES"
107133;12;"ACCESSORIES"
115986;10;"VEGETABLES"
128647;12;"ACCESSORIES"
107361;12;"ACCESSORIES"
154280;13;"DRINKS"
152370;16;"OTHER"
130893;11;"FRUIT"
130869;10;"VEGETABLES"
152827;13;"DRINKS"
152971;13;"DRINKS"
153367;13;"DRINKS"
182053;7;"FISH"
185368;13;"DRINKS"
200767;4;"POULTRY"
189151;13;"DRINKS"
189463;13;"DRINKS"
16035;12;"ACCESSORIES"
187398;13;"DRINKS"
177680;3;"READY-MADE"
186353;13;"DRINKS"
195675;12;"ACCESSORIES"
155001;13;"DRINKS"
187758;4;"POULTRY"
183939;13;"DRINKS"
187422;12;"ACCESSORIES"
188563;13;"DRINKS"
182041;7;"FISH"
184876;13;"DRINKS"
187049;13;"DRINKS"
187097;12;"ACCESSORIES"
155109;13;"DRINKS"
187374;13;"DRINKS"
186821;13;"DRINKS"
188671;13;"DRINKS"
173248;1;"OTHER_FROZEN"
189127;11;"FRUIT"
191361;1;"OTHER_FROZEN"
154809;13;"DRINKS"
180792;12;"ACCESSORIES"
7097;6;"BEEF_PORK"
191697;4;"POULTRY"
197116;12;"ACCESSORIES"
40263;15;"GADGETS"
155505;13;"DRINKS"
179841;12;"ACCESSORIES"
176022;4;"POULTRY"
188659;13;"DRINKS"
179121;15;"GADGETS"
193044;15;"GADGETS"
191661;7;"FISH"
155061;13;"DRINKS"
186905;13;"DRINKS"
186953;13;"DRINKS"
187362;13;"DRINKS"
177920;3;"READY-MADE"
186881;13;"DRINKS"
191121;1;"OTHER_FROZEN"
18185;7;"FISH"
200779;7;"FISH"
41896;15;"GADGETS"
185884;13;"DRINKS"
188719;13;"DRINKS"
220647;1;"OTHER_FROZEN"
196443;12;"ACCESSORIES"
198629;12;"ACCESSORIES"
213932;3;"READY-MADE"
215601;12;"ACCESSORIES"
206474;7;"FISH"
208888;4;"POULTRY"
215385;12;"ACCESSORIES"
195482;12;"ACCESSORIES"
218233;13;"DRINKS"
212719;1;"OTHER_FROZEN"
199061;12;"ACCESSORIES"
215457;12;"ACCESSORIES"
218954;13;"DRINKS"
9187;7;"FISH"
8334;3;"READY-MADE"
54461;1;"OTHER_FROZEN"
215529;12;"ACCESSORIES"
221356;1;"OTHER_FROZEN"
195590;12;"ACCESSORIES"
199326;12;"ACCESSORIES"
195627;12;"ACCESSORIES"
216312;12;"ACCESSORIES"
219194;15;"GADGETS"
203601;3;"READY-MADE"
210317;7;"FISH"
224250;1;"OTHER_FROZEN"
199121;12;"ACCESSORIES"
5632;3;"READY-MADE"
217993;12;"ACCESSORIES"
219434;1;"OTHER_FROZEN"
14005;12;"ACCESSORIES"
16419;10;"VEGETABLES"
224322;6;"BEEF_PORK"
198713;12;"ACCESSORIES"
195458;12;"ACCESSORIES"
215409;12;"ACCESSORIES"
217525;12;"ACCESSORIES"
225920;1;"OTHER_FROZEN"
15639;3;"READY-MADE"
199338;12;"ACCESSORIES"
209608;4;"POULTRY"
227133;12;"ACCESSORIES"
224022;10;"VEGETABLES"
224983;3;"READY-MADE"
227145;12;"ACCESSORIES"
236995;11;"FRUIT"
237199;13;"DRINKS"
236971;4;"POULTRY"
229753;7;"FISH"
237680;13;"DRINKS"
238640;13;"DRINKS"
231675;4;"POULTRY"
229032;12;"ACCESSORIES"
26726;1;"OTHER_FROZEN"
229273;12;"ACCESSORIES"
232155;3;"READY-MADE"
235542;13;"DRINKS"
249463;10;"VEGETABLES"
247278;13;"DRINKS"
247998;3;"READY-MADE"
246077;1;"OTHER_FROZEN"
245836;12;"ACCESSORIES"
243458;13;"DRINKS"
243687;13;"DRINKS"
249199;1;"OTHER_FROZEN"
243470;9;"FRIES"
250881;11;"FRUIT"
239373;16;"OTHER"
243482;13;"DRINKS"
250400;13;"DRINKS"
245116;3;"READY-MADE"
240552;13;"DRINKS"
252552;10;"VEGETABLES"
247770;4;"POULTRY"
239361;16;"OTHER"
99374;4;"POULTRY"
100599;3;"READY-MADE"
81415;10;"VEGETABLES"
92154;1;"OTHER_FROZEN"
2233;3;"READY-MADE"
3446;10;"VEGETABLES"
1789;3;"READY-MADE"
15518;3;"READY-MADE"
35193;7;"FISH"
57091;1;"OTHER_FROZEN"
128587;3;"READY-MADE"
139386;12;"ACCESSORIES"
139758;0;"OTHER"
139398;12;"ACCESSORIES"
132564;12;"ACCESSORIES"
132552;4;"POULTRY"
140611;12;"ACCESSORIES"
120576;13;"DRINKS"
151338;3;"READY-MADE"
135278;11;"FRUIT"
124888;4;"POULTRY"
107229;12;"ACCESSORIES"
112275;7;"FISH"
110426;11;"FRUIT"
124635;4;"POULTRY"
137560;13;"DRINKS"
144372;0;"OTHER"
40599;12;"ACCESSORIES"
48984;7;"FISH"
44070;9;"FRIES"
41920;12;"ACCESSORIES"
43950;11;"FRUIT"
29896;3;"READY-MADE"
61008;3;"READY-MADE"
91422;12;"ACCESSORIES"
106857;9;"FRIES"
3759;11;"FRUIT"
2570;7;"FISH"
1285;3;"READY-MADE"
16215;12;"ACCESSORIES"
21271;1;"OTHER_FROZEN"
29908;4;"POULTRY"
30233;12;"ACCESSORIES"
133705;12;"ACCESSORIES"
138785;12;"ACCESSORIES"
142112;7;"FISH"
138845;12;"ACCESSORIES"
149596;7;"FISH"
153968;13;"DRINKS"
88059;11;"FRUIT"
133861;12;"ACCESSORIES"
74606;12;"ACCESSORIES"
111158;13;"DRINKS"
154748;13;"DRINKS"
152503;13;"DRINKS"
152899;13;"DRINKS"
153608;13;"DRINKS"
173944;0;"OTHER"
150809;1;"OTHER_FROZEN"
153331;13;"DRINKS"
63374;3;"READY-MADE"
22208;7;"FISH"
44142;1;"OTHER_FROZEN"
99134;0;"OTHER"
97741;3;"READY-MADE"
96732;7;"FISH"
10112;8;"PASTRY"
4755;1;"OTHER_FROZEN"
2954;9;"FRIES"
1489;3;"READY-MADE"
30161;10;"VEGETABLES"
30245;12;"ACCESSORIES"
63338;3;"READY-MADE"
128971;15;"GADGETS"
133741;12;"ACCESSORIES"
130712;3;"READY-MADE"
139350;12;"ACCESSORIES"
152382;16;"OTHER"
152683;13;"DRINKS"
130784;7;"FISH"
137524;3;"READY-MADE"
138881;12;"ACCESSORIES"
139218;12;"ACCESSORIES"
141932;7;"FISH"
139037;12;"ACCESSORIES"
153151;13;"DRINKS"
153355;13;"DRINKS"
133921;12;"ACCESSORIES"
136888;11;"FRUIT"
108408;12;"ACCESSORIES"
104431;3;"READY-MADE"
67902;13;"DRINKS"
117415;12;"ACCESSORIES"
108504;15;"GADGETS"
153595;13;"DRINKS"
173872;13;"DRINKS"
60720;3;"READY-MADE"
42857;9;"FRIES"
60444;12;"ACCESSORIES"
102005;1;"OTHER_FROZEN"
102557;12;"ACCESSORIES"
3566;10;"VEGETABLES"
5296;4;"POULTRY"
2582;7;"FISH"
3386;10;"VEGETABLES"
1753;3;"READY-MADE"
1837;3;"READY-MADE"
44130;1;"OTHER_FROZEN"
137536;3;"READY-MADE"
138797;12;"ACCESSORIES"
133273;0;"OTHER"
135530;7;"FISH"
116503;11;"FRUIT"
108360;12;"ACCESSORIES"
114989;16;"OTHER"
129680;3;"READY-MADE"
134714;12;"ACCESSORIES"
133597;12;"ACCESSORIES"
107793;12;"ACCESSORIES"
108216;12;"ACCESSORIES"
133849;12;"ACCESSORIES"
136924;11;"FRUIT"
154256;13;"DRINKS"
151518;11;"FRUIT"
152635;13;"DRINKS"
138293;12;"ACCESSORIES"
139998;12;"ACCESSORIES"
144312;1;"OTHER_FROZEN"
137200;11;"FRUIT"
142088;7;"FISH"
134606;12;"ACCESSORIES"
112828;1;"OTHER_FROZEN"
116467;11;"FRUIT"
127518;3;"READY-MADE"
74161;9;"FRIES"
134041;12;"ACCESSORIES"
134474;12;"ACCESSORIES"
107385;12;"ACCESSORIES"
111867;3;"READY-MADE"
152310;13;"DRINKS"
152563;13;"DRINKS"
152647;13;"DRINKS"
142124;7;"FISH"
152779;13;"DRINKS"
152815;13;"DRINKS"
98666;10;"VEGETABLES"
81331;12;"ACCESSORIES"
98077;12;"ACCESSORIES"
60216;3;"READY-MADE"
44286;7;"FISH"
95553;1;"OTHER_FROZEN"
1092;3;"READY-MADE"
144;1;"OTHER_FROZEN"
4227;12;"ACCESSORIES"
1525;3;"READY-MADE"
30017;4;"POULTRY"
38365;3;"READY-MADE"
63386;3;"READY-MADE"
29932;9;"FRIES"
101872;7;"FISH"
288;1;"OTHER_FROZEN"
4467;1;"OTHER_FROZEN"
24360;7;"FISH"
129199;1;"OTHER_FROZEN"
116911;15;"GADGETS"
134810;12;"ACCESSORIES"
134822;12;"ACCESSORIES"
102533;12;"ACCESSORIES"
70328;12;"ACCESSORIES"
107733;12;"ACCESSORIES"
112263;7;"FISH"
124599;3;"READY-MADE"
126797;1;"OTHER_FROZEN"
130160;12;"ACCESSORIES"
121717;1;"OTHER_FROZEN"
107697;12;"ACCESSORIES"
154532;13;"DRINKS"
152467;13;"DRINKS"
138749;12;"ACCESSORIES"
139278;12;"ACCESSORIES"
153259;13;"DRINKS"
153307;13;"DRINKS"
153379;13;"DRINKS"
4347;13;"DRINKS"
17200;7;"FISH"
21295;3;"READY-MADE"
21187;3;"READY-MADE"
30269;12;"ACCESSORIES"
142184;7;"FISH"
130412;1;"OTHER_FROZEN"
137836;13;"DRINKS"
147735;13;"DRINKS"
138641;12;"ACCESSORIES"
138905;12;"ACCESSORIES"
134762;12;"ACCESSORIES"
74438;8;"PASTRY"
154184;13;"DRINKS"
137164;11;"FRUIT"
146233;15;"GADGETS"
55169;1;"OTHER_FROZEN"
155601;11;"FRUIT"
89284;3;"READY-MADE"
89860;3;"READY-MADE"
97957;7;"FISH"
1921;4;"POULTRY"
16263;12;"ACCESSORIES"
18065;3;"READY-MADE"
16179;12;"ACCESSORIES"
30185;11;"FRUIT"
124347;7;"FISH"
137656;10;"VEGETABLES"
138269;12;"ACCESSORIES"
138605;12;"ACCESSORIES"
142196;7;"FISH"
142280;7;"FISH"
136407;13;"DRINKS"
137632;1;"OTHER_FROZEN"
107205;12;"ACCESSORIES"
112587;12;"ACCESSORIES"
116310;11;"FRUIT"
123891;12;"ACCESSORIES"
104983;12;"ACCESSORIES"
75326;11;"FRUIT"
134786;12;"ACCESSORIES"
154472;13;"DRINKS"
152659;13;"DRINKS"
152791;13;"DRINKS"
185848;13;"DRINKS"
200238;7;"FISH"
199758;13;"DRINKS"
16059;12;"ACCESSORIES"
16143;12;"ACCESSORIES"
189175;13;"DRINKS"
184155;13;"DRINKS"
173128;1;"OTHER_FROZEN"
155025;13;"DRINKS"
188743;13;"DRINKS"
173224;1;"OTHER_FROZEN"
184635;10;"VEGETABLES"
189211;12;"ACCESSORIES"
624;1;"OTHER_FROZEN"
155193;12;"ACCESSORIES"
155421;13;"DRINKS"
187085;13;"DRINKS"
187314;13;"DRINKS"
185356;3;"READY-MADE"
189067;9;"FRIES"
154953;13;"DRINKS"
155493;13;"DRINKS"
10376;7;"FISH"
155265;13;"DRINKS"
155469;13;"DRINKS"
187121;12;"ACCESSORIES"
188539;13;"DRINKS"
176250;13;"DRINKS"
176010;7;"FISH"
182954;10;"VEGETABLES"
189920;7;"FISH"
196635;12;"ACCESSORIES"
40527;15;"GADGETS"
189103;9;"FRIES"
182077;13;"DRINKS"
182486;13;"DRINKS"
183230;1;"OTHER_FROZEN"
183242;11;"FRUIT"
186317;13;"DRINKS"
190160;3;"READY-MADE"
189199;12;"ACCESSORIES"
189091;4;"POULTRY"
173152;1;"OTHER_FROZEN"
188551;13;"DRINKS"
182726;0;"OTHER"
16479;12;"ACCESSORIES"
186113;13;"DRINKS"
174797;7;"FISH"
188262;2;"SAUCE"
178893;0;"OTHER"
182065;10;"VEGETABLES"
186557;13;"DRINKS"
199998;3;"READY-MADE"
197596;12;"ACCESSORIES"
191685;11;"FRUIT"
155217;12;"ACCESSORIES"
173608;13;"DRINKS"
178160;12;"ACCESSORIES"
187278;13;"DRINKS"
188503;13;"DRINKS"
188995;7;"FISH"
175758;13;"DRINKS"
198737;12;"ACCESSORIES"
218714;13;"DRINKS"
205993;7;"FISH"
217765;12;"ACCESSORIES"
194546;12;"ACCESSORIES"
204564;11;"FRUIT"
792;2;"SAUCE"
224286;3;"READY-MADE"
199302;12;"ACCESSORIES"
209860;1;"OTHER_FROZEN"
211998;12;"ACCESSORIES"
204816;11;"FRUIT"
213920;4;"POULTRY"
215841;12;"ACCESSORIES"
7169;13;"DRINKS"
199085;12;"ACCESSORIES"
215517;12;"ACCESSORIES"
225199;13;"DRINKS"
198809;12;"ACCESSORIES"
217513;12;"ACCESSORIES"
193993;12;"ACCESSORIES"
198725;12;"ACCESSORIES"
204792;11;"FRUIT"
207434;7;"FISH"
205789;7;"FISH"
216792;12;"ACCESSORIES"
196467;12;"ACCESSORIES"
223998;6;"BEEF_PORK"
33475;10;"VEGETABLES"
196155;12;"ACCESSORIES"
198641;12;"ACCESSORIES"
205777;7;"FISH"
212731;1;"OTHER_FROZEN"
196479;12;"ACCESSORIES"
215421;12;"ACCESSORIES"
226881;12;"ACCESSORIES"
16347;12;"ACCESSORIES"
194498;12;"ACCESSORIES"
216804;12;"ACCESSORIES"
219915;3;"READY-MADE"
195639;12;"ACCESSORIES"
207927;4;"POULTRY"
195470;12;"ACCESSORIES"
194486;12;"ACCESSORIES"
226893;12;"ACCESSORIES"
224959;3;"READY-MADE"
14329;11;"FRUIT"
12720;7;"FISH"
212238;16;"OTHER"
235758;13;"DRINKS"
235037;13;"DRINKS"
16527;13;"DRINKS"
236959;7;"FISH"
233836;12;"ACCESSORIES"
7145;6;"BEEF_PORK"
234557;13;"DRINKS"
238160;0;"OTHER"
235061;13;"DRINKS"
228552;3;"READY-MADE"
248479;0;"OTHER"
246317;3;"READY-MADE"
243434;9;"FRIES"
245368;3;"READY-MADE"
239841;13;"DRINKS"
242233;3;"READY-MADE"
239613;13;"DRINKS"
243446;4;"POULTRY"
243494;4;"POULTRY"
81583;10;"VEGETABLES"
97969;9;"FRIES"
105091;12;"ACCESSORIES"
94592;13;"DRINKS"
101896;1;"OTHER_FROZEN"
948;3;"READY-MADE"
2486;7;"FISH"
4960;1;"OTHER_FROZEN"
1765;3;"READY-MADE"
29956;10;"VEGETABLES"
39242;6;"BEEF_PORK"
60852;6;"BEEF_PORK"
61669;12;"ACCESSORIES"
43962;13;"DRINKS"
138737;12;"ACCESSORIES"
142220;7;"FISH"
137332;11;"FRUIT"
151374;9;"FRIES"
123879;12;"ACCESSORIES"
101980;11;"FRUIT"
74185;7;"FISH"
108084;12;"ACCESSORIES"
131133;12;"ACCESSORIES"
133813;12;"ACCESSORIES"
138569;12;"ACCESSORIES"
138401;12;"ACCESSORIES"
153463;13;"DRINKS"
44250;6;"BEEF_PORK"
48972;7;"FISH"
92875;7;"FISH"
89020;4;"POULTRY"
92659;7;"FISH"
100359;3;"READY-MADE"
104959;7;"FISH"
3783;11;"FRUIT"
3879;3;"READY-MADE"
2474;7;"FISH"
2534;7;"FISH"
1417;3;"READY-MADE"
61044;11;"FRUIT"
133873;12;"ACCESSORIES"
138125;12;"ACCESSORIES"
134293;12;"ACCESSORIES"
108144;12;"ACCESSORIES"
153980;13;"DRINKS"
112647;12;"ACCESSORIES"
133981;12;"ACCESSORIES"
123927;1;"OTHER_FROZEN"
75807;9;"FRIES"
134402;12;"ACCESSORIES"
107661;12;"ACCESSORIES"
107745;12;"ACCESSORIES"
119313;15;"GADGETS"
122426;3;"READY-MADE"
148912;13;"DRINKS"
137488;11;"FRUIT"
139073;12;"ACCESSORIES"
139097;12;"ACCESSORIES"
152947;13;"DRINKS"
141704;13;"DRINKS"
153632;13;"DRINKS"
153848;13;"DRINKS"
173932;12;"ACCESSORIES"
34448;15;"GADGETS"
60204;10;"VEGETABLES"
40491;15;"GADGETS"
97453;10;"VEGETABLES"
90941;15;"GADGETS"
3819;11;"FRUIT"
444;1;"OTHER_FROZEN"
3206;10;"VEGETABLES"
4335;13;"DRINKS"
1825;3;"READY-MADE"
137596;1;"OTHER_FROZEN"
137512;11;"FRUIT"
138329;12;"ACCESSORIES"
130688;1;"OTHER_FROZEN"
152455;13;"DRINKS"
152707;13;"DRINKS"
140599;12;"ACCESSORIES"
147038;10;"VEGETABLES"
125596;12;"ACCESSORIES"
135206;7;"FISH"
116515;11;"FRUIT"
133885;12;"ACCESSORIES"
107973;12;"ACCESSORIES"
134426;12;"ACCESSORIES"
153920;13;"DRINKS"
29872;1;"OTHER_FROZEN"
42149;15;"GADGETS"
89356;12;"ACCESSORIES"
89824;3;"READY-MADE"
82821;12;"ACCESSORIES"
92623;10;"VEGETABLES"
104190;13;"DRINKS"
101908;1;"OTHER_FROZEN"
2462;7;"FISH"
3987;11;"FRUIT"
4203;12;"ACCESSORIES"
1429;3;"READY-MADE"
1561;3;"READY-MADE"
21247;1;"OTHER_FROZEN"
116443;11;"FRUIT"
137296;11;"FRUIT"
138713;12;"ACCESSORIES"
130700;3;"READY-MADE"
148876;16;"OTHER"
85897;7;"FISH"
133681;12;"ACCESSORIES"
118364;0;"OTHER"
129704;7;"FISH"
116431;11;"FRUIT"
154388;13;"DRINKS"
154604;13;"DRINKS"
122918;3;"READY-MADE"
141680;13;"DRINKS"
147699;7;"FISH"
114281;13;"DRINKS"
112311;11;"FRUIT"
120528;13;"DRINKS"
122906;1;"OTHER_FROZEN"
134750;12;"ACCESSORIES"
70304;6;"BEEF_PORK"
116082;10;"VEGETABLES"
124852;4;"POULTRY"
107121;12;"ACCESSORIES"
120288;12;"ACCESSORIES"
134029;12;"ACCESSORIES"
154076;13;"DRINKS"
137620;10;"VEGETABLES"
138089;12;"ACCESSORIES"
150569;9;"FRIES"
152923;13;"DRINKS"
97705;3;"READY-MADE"
87578;11;"FRUIT"
2666;7;"FISH"
60936;3;"READY-MADE"
93860;6;"BEEF_PORK"
3843;11;"FRUIT"
3110;9;"FRIES"
1273;3;"READY-MADE"
17224;3;"READY-MADE"
44262;6;"BEEF_PORK"
52311;3;"READY-MADE"
18953;12;"ACCESSORIES"
43914;7;"FISH"
40575;12;"ACCESSORIES"
89944;3;"READY-MADE"
94616;7;"FISH"
104467;3;"READY-MADE"
3639;10;"VEGETABLES"
3807;3;"READY-MADE"
60;1;"OTHER_FROZEN"
252;1;"OTHER_FROZEN"
6773;4;"POULTRY"
18377;11;"FRUIT"
18485;4;"POULTRY"
147434;3;"READY-MADE"
107817;12;"ACCESSORIES"
125308;12;"ACCESSORIES"
133993;12;"ACCESSORIES"
134510;12;"ACCESSORIES"
108372;12;"ACCESSORIES"
128623;7;"FISH"
154568;13;"DRINKS"
150629;4;"POULTRY"
82772;12;"ACCESSORIES"
936;3;"READY-MADE"
3663;10;"VEGETABLES"
2882;12;"ACCESSORIES"
3470;10;"VEGETABLES"
1309;9;"FRIES"
18425;4;"POULTRY"
18509;10;"VEGETABLES"
22220;10;"VEGETABLES"
29920;7;"FISH"
21932;1;"OTHER_FROZEN"
147687;13;"DRINKS"
138341;12;"ACCESSORIES"
142160;1;"OTHER_FROZEN"
146990;3;"READY-MADE"
113788;15;"GADGETS"
154016;13;"DRINKS"
108432;12;"ACCESSORIES"
112131;1;"OTHER_FROZEN"
112623;12;"ACCESSORIES"
120984;15;"GADGETS"
106929;10;"VEGETABLES"
60696;3;"READY-MADE"
108312;12;"ACCESSORIES"
121957;3;"READY-MADE"
107265;12;"ACCESSORIES"
136900;11;"FRUIT"
151314;3;"READY-MADE"
152262;13;"DRINKS"
152719;13;"DRINKS"
150641;7;"FISH"
152983;13;"DRINKS"
153547;13;"DRINKS"
38329;3;"READY-MADE"
38377;13;"DRINKS"
63410;3;"READY-MADE"
16647;12;"ACCESSORIES"
37837;12;"ACCESSORIES"
38606;13;"DRINKS"
44298;7;"FISH"
153896;13;"DRINKS"
42641;12;"ACCESSORIES"
89956;6;"BEEF_PORK"
98053;0;"OTHER"
2690;7;"FISH"
4071;12;"ACCESSORIES"
2942;9;"FRIES"
3434;10;"VEGETABLES"
40503;15;"GADGETS"
44190;3;"READY-MADE"
120276;12;"ACCESSORIES"
137464;11;"FRUIT"
140479;3;"READY-MADE"
130821;7;"FISH"
147675;1;"OTHER_FROZEN"
146978;13;"DRINKS"
82784;12;"ACCESSORIES"
116358;9;"FRIES"
134594;12;"ACCESSORIES"
134377;12;"ACCESSORIES"
107841;12;"ACCESSORIES"
108288;12;"ACCESSORIES"
120264;12;"ACCESSORIES"
139157;12;"ACCESSORIES"
153055;13;"DRINKS"
153427;13;"DRINKS"
182017;3;"READY-MADE"
186869;13;"DRINKS"
21211;7;"FISH"
188683;13;"DRINKS"
188755;13;"DRINKS"
2834;7;"FISH"
155169;13;"DRINKS"
187001;13;"DRINKS"
187061;13;"DRINKS"
175278;11;"FRUIT"
12312;12;"ACCESSORIES"
155397;13;"DRINKS"
173140;1;"OTHER_FROZEN"
188238;4;"POULTRY"
190640;15;"GADGETS"
21331;1;"OTHER_FROZEN"
174077;16;"OTHER"
154941;13;"DRINKS"
182089;11;"FRUIT"
183218;4;"POULTRY"
189235;13;"DRINKS"
200479;4;"POULTRY"
197872;12;"ACCESSORIES"
202881;13;"DRINKS"
200743;4;"POULTRY"
178640;0;"OTHER"
186101;13;"DRINKS"
191637;3;"READY-MADE"
201199;3;"READY-MADE"
182245;4;"POULTRY"
191721;3;"READY-MADE"
8455;3;"READY-MADE"
189187;13;"DRINKS"
132312;15;"GADGETS"
190400;3;"READY-MADE"
175998;3;"READY-MADE"
193789;12;"ACCESSORIES"
155373;13;"DRINKS"
155517;12;"ACCESSORIES"
188491;13;"DRINKS"
173212;1;"OTHER_FROZEN"
222317;7;"FISH"
198089;12;"ACCESSORIES"
220635;1;"OTHER_FROZEN"
207194;7;"FISH"
224046;11;"FRUIT"
194005;12;"ACCESSORIES"
195506;12;"ACCESSORIES"
196191;12;"ACCESSORIES"
206714;7;"FISH"
210329;12;"ACCESSORIES"
7109;6;"BEEF_PORK"
198665;12;"ACCESSORIES"
215433;12;"ACCESSORIES"
196455;12;"ACCESSORIES"
204588;11;"FRUIT"
199049;12;"ACCESSORIES"
221116;1;"OTHER_FROZEN"
205753;7;"FISH"
194474;12;"ACCESSORIES"
208647;3;"READY-MADE"
213199;1;"OTHER_FROZEN"
223758;10;"VEGETABLES"
6953;4;"POULTRY"
6989;4;"POULTRY"
16047;12;"ACCESSORIES"
213680;0;"OTHER"
199290;12;"ACCESSORIES"
195518;12;"ACCESSORIES"
203613;4;"POULTRY"
219927;1;"OTHER_FROZEN"
214160;3;"READY-MADE"
195530;12;"ACCESSORIES"
224238;7;"FISH"
226400;1;"OTHER_FROZEN"
199446;12;"ACCESSORIES"
224719;7;"FISH"
198125;12;"ACCESSORIES"
224034;10;"VEGETABLES"
213944;13;"DRINKS"
206486;7;"FISH"
223278;6;"BEEF_PORK"
195542;12;"ACCESSORIES"
206522;7;"FISH"
220876;3;"READY-MADE"
234845;13;"DRINKS"
238905;3;"READY-MADE"
235998;13;"DRINKS"
229513;3;"READY-MADE"
239121;3;"READY-MADE"
229765;4;"POULTRY"
16467;13;"DRINKS"
14341;11;"FRUIT"
236983;11;"FRUIT"
231206;11;"FRUIT"
237439;7;"FISH"
234077;3;"READY-MADE"
253032;3;"READY-MADE"
257836;6;"BEEF_PORK"
240072;12;"ACCESSORIES"
241513;13;"DRINKS"
245596;3;"READY-MADE"
247037;10;"VEGETABLES"
12168;12;"ACCESSORIES"
